fixed acidity,volatile acidity,citric acid,residual sugar,chlorides,W_ID
7.4,0.7,0.0,1.9,0.076,0
7.8,0.88,0.0,2.6,0.098,1
7.8,0.76,0.04,2.3,0.092,2
11.2,0.28,0.56,1.9,0.075,3
7.4,0.7,0.0,1.9,0.076,4
7.4,0.66,0.0,1.8,0.075,5
7.9,0.6,0.06,1.6,0.069,6
7.3,0.65,0.0,1.2,0.065,7
7.8,0.58,0.02,2.0,0.073,8
7.5,0.5,0.36,6.1,0.071,9
6.7,0.58,0.08,1.8,0.097,10
7.5,0.5,0.36,6.1,0.071,11
5.6,0.615,0.0,1.6,0.08900000000000001,12
7.8,0.61,0.29,1.6,0.114,13
8.9,0.62,0.18,3.8,0.17600000000000002,14
8.9,0.62,0.19,3.9,0.17,15
8.5,0.28,0.56,1.8,0.092,16
8.1,0.56,0.28,1.7,0.368,17
7.4,0.59,0.08,4.4,0.086,18
7.9,0.32,0.51,1.8,0.341,19
8.9,0.22,0.48,1.8,0.077,20
7.6,0.39,0.31,2.3,0.08199999999999999,21
7.9,0.43,0.21,1.6,0.106,22
8.5,0.49,0.11,2.3,0.084,23
6.9,0.4,0.14,2.4,0.085,24
6.3,0.39,0.16,1.4,0.08,25
7.6,0.41,0.24,1.8,0.08,26
7.9,0.43,0.21,1.6,0.106,27
7.1,0.71,0.0,1.9,0.08,28
7.8,0.645,0.0,2.0,0.08199999999999999,29
6.7,0.675,0.07,2.4,0.08900000000000001,30
6.9,0.685,0.0,2.5,0.105,31
8.3,0.655,0.12,2.3,0.083,32
6.9,0.605,0.12,10.7,0.073,33
5.2,0.32,0.25,1.8,0.103,34
7.8,0.645,0.0,5.5,0.086,35
7.8,0.6,0.14,2.4,0.086,36
8.1,0.38,0.28,2.1,0.066,37
5.7,1.13,0.09,1.5,0.172,38
7.3,0.45,0.36,5.9,0.07400000000000001,39
7.3,0.45,0.36,5.9,0.07400000000000001,40
8.8,0.61,0.3,2.8,0.08800000000000001,41
7.5,0.49,0.2,2.6,0.332,42
8.1,0.66,0.22,2.2,0.069,43
6.8,0.67,0.02,1.8,0.05,44
4.6,0.52,0.15,2.1,0.054000000000000006,45
7.7,0.935,0.43,2.2,0.114,46
8.7,0.29,0.52,1.6,0.113,47
6.4,0.4,0.23,1.6,0.066,48
5.6,0.31,0.37,1.4,0.07400000000000001,49
8.8,0.66,0.26,1.7,0.07400000000000001,50
6.6,0.52,0.04,2.2,0.069,51
6.6,0.5,0.04,2.1,0.068,52
8.6,0.38,0.36,3.0,0.081,53
7.6,0.51,0.15,2.8,0.11,54
7.7,0.62,0.04,3.8,0.084,55
10.2,0.42,0.57,3.4,0.07,56
7.5,0.63,0.12,5.1,0.111,57
7.8,0.59,0.18,2.3,0.076,58
7.3,0.39,0.31,2.4,0.07400000000000001,59
8.8,0.4,0.4,2.2,0.079,60
7.7,0.69,0.49,1.8,0.115,61
7.5,0.52,0.16,1.9,0.085,62
7.0,0.735,0.05,2.0,0.081,63
7.2,0.725,0.05,4.65,0.086,64
7.2,0.725,0.05,4.65,0.086,65
7.5,0.52,0.11,1.5,0.079,66
6.6,0.705,0.07,1.6,0.076,67
9.3,0.32,0.57,2.0,0.07400000000000001,68
8.0,0.705,0.05,1.9,0.07400000000000001,69
7.7,0.63,0.08,1.9,0.076,70
7.7,0.67,0.23,2.1,0.08800000000000001,71
7.7,0.69,0.22,1.9,0.084,72
8.3,0.675,0.26,2.1,0.084,73
9.7,0.32,0.54,2.5,0.094,74
8.8,0.41,0.64,2.2,0.093,75
8.8,0.41,0.64,2.2,0.093,76
6.8,0.785,0.0,2.4,0.104,77
6.7,0.75,0.12,2.0,0.086,78
8.3,0.625,0.2,1.5,0.08,79
6.2,0.45,0.2,1.6,0.069,80
7.8,0.43,0.7,1.9,0.464,81
7.4,0.5,0.47,2.0,0.086,82
7.3,0.67,0.26,1.8,0.401,83
6.3,0.3,0.48,1.8,0.069,84
6.9,0.55,0.15,2.2,0.076,85
8.6,0.49,0.28,1.9,0.11,86
7.7,0.49,0.26,1.9,0.062,87
9.3,0.39,0.44,2.1,0.107,88
7.0,0.62,0.08,1.8,0.076,89
7.9,0.52,0.26,1.9,0.079,90
8.6,0.49,0.28,1.9,0.11,91
8.6,0.49,0.29,2.0,0.11,92
7.7,0.49,0.26,1.9,0.062,93
5.0,1.02,0.04,1.4,0.045,94
4.7,0.6,0.17,2.3,0.058,95
6.8,0.775,0.0,3.0,0.102,96
7.0,0.5,0.25,2.0,0.07,97
7.6,0.9,0.06,2.5,0.079,98
8.1,0.545,0.18,1.9,0.08,99
8.3,0.61,0.3,2.1,0.084,100
7.8,0.5,0.3,1.9,0.075,101
8.1,0.545,0.18,1.9,0.08,102
8.1,0.575,0.22,2.1,0.077,103
7.2,0.49,0.24,2.2,0.07,104
8.1,0.575,0.22,2.1,0.077,105
7.8,0.41,0.68,1.7,0.467,106
6.2,0.63,0.31,1.7,0.08800000000000001,107
8.0,0.33,0.53,2.5,0.091,108
8.1,0.785,0.52,2.0,0.122,109
7.8,0.56,0.19,1.8,0.104,110
8.4,0.62,0.09,2.2,0.084,111
8.4,0.6,0.1,2.2,0.085,112
10.1,0.31,0.44,2.3,0.08,113
7.8,0.56,0.19,1.8,0.104,114
9.4,0.4,0.31,2.2,0.09,115
8.3,0.54,0.28,1.9,0.077,116
7.8,0.56,0.12,2.0,0.08199999999999999,117
8.8,0.55,0.04,2.2,0.119,118
7.0,0.69,0.08,1.8,0.097,119
7.3,1.07,0.09,1.7,0.17800000000000002,120
8.8,0.55,0.04,2.2,0.119,121
7.3,0.695,0.0,2.5,0.075,122
8.0,0.71,0.0,2.6,0.08,123
7.8,0.5,0.17,1.6,0.08199999999999999,124
9.0,0.62,0.04,1.9,0.146,125
8.2,1.33,0.0,1.7,0.081,126
8.1,1.33,0.0,1.8,0.08199999999999999,127
8.0,0.59,0.16,1.8,0.065,128
6.1,0.38,0.15,1.8,0.07200000000000001,129
8.0,0.745,0.56,2.0,0.118,130
5.6,0.5,0.09,2.3,0.049,131
5.6,0.5,0.09,2.3,0.049,132
6.6,0.5,0.01,1.5,0.06,133
7.9,1.04,0.05,2.2,0.084,134
8.4,0.745,0.11,1.9,0.09,135
8.3,0.715,0.15,1.8,0.08900000000000001,136
7.2,0.415,0.36,2.0,0.081,137
7.8,0.56,0.19,2.1,0.081,138
7.8,0.56,0.19,2.0,0.081,139
8.4,0.745,0.11,1.9,0.09,140
8.3,0.715,0.15,1.8,0.08900000000000001,141
5.2,0.34,0.0,1.8,0.05,142
6.3,0.39,0.08,1.7,0.066,143
5.2,0.34,0.0,1.8,0.05,144
8.1,0.67,0.55,1.8,0.117,145
5.8,0.68,0.02,1.8,0.087,146
7.6,0.49,0.26,1.6,0.236,147
6.9,0.49,0.1,2.3,0.07400000000000001,148
8.2,0.4,0.44,2.8,0.08900000000000001,149
7.3,0.33,0.47,2.1,0.077,150
9.2,0.52,1.0,3.4,0.61,151
7.5,0.6,0.03,1.8,0.095,152
7.5,0.6,0.03,1.8,0.095,153
7.1,0.43,0.42,5.5,0.07,154
7.1,0.43,0.42,5.5,0.071,155
7.1,0.43,0.42,5.5,0.07,156
7.1,0.43,0.42,5.5,0.071,157
7.1,0.68,0.0,2.2,0.073,158
6.8,0.6,0.18,1.9,0.079,159
7.6,0.95,0.03,2.0,0.09,160
7.6,0.68,0.02,1.3,0.07200000000000001,161
7.8,0.53,0.04,1.7,0.076,162
7.4,0.6,0.26,7.3,0.07,163
7.3,0.59,0.26,7.2,0.07,164
7.8,0.63,0.48,1.7,0.1,165
6.8,0.64,0.1,2.1,0.085,166
7.3,0.55,0.03,1.6,0.07200000000000001,167
6.8,0.63,0.07,2.1,0.08900000000000001,168
7.5,0.705,0.24,1.8,0.36,169
7.9,0.885,0.03,1.8,0.058,170
8.0,0.42,0.17,2.0,0.073,171
8.0,0.42,0.17,2.0,0.073,172
7.4,0.62,0.05,1.9,0.068,173
7.3,0.38,0.21,2.0,0.08,174
6.9,0.5,0.04,1.5,0.085,175
7.3,0.38,0.21,2.0,0.08,176
7.5,0.52,0.42,2.3,0.087,177
7.0,0.805,0.0,2.5,0.068,178
8.8,0.61,0.14,2.4,0.067,179
8.8,0.61,0.14,2.4,0.067,180
8.9,0.61,0.49,2.0,0.27,181
7.2,0.73,0.02,2.5,0.076,182
6.8,0.61,0.2,1.8,0.077,183
6.7,0.62,0.21,1.9,0.079,184
8.9,0.31,0.57,2.0,0.111,185
7.4,0.39,0.48,2.0,0.08199999999999999,186
7.7,0.705,0.1,2.6,0.084,187
7.9,0.5,0.33,2.0,0.084,188
7.9,0.49,0.32,1.9,0.08199999999999999,189
8.2,0.5,0.35,2.9,0.077,190
6.4,0.37,0.25,1.9,0.07400000000000001,191
6.8,0.63,0.12,3.8,0.099,192
7.6,0.55,0.21,2.2,0.071,193
7.6,0.55,0.21,2.2,0.071,194
7.8,0.59,0.33,2.0,0.07400000000000001,195
7.3,0.58,0.3,2.4,0.07400000000000001,196
11.5,0.3,0.6,2.0,0.067,197
5.4,0.835,0.08,1.2,0.046,198
6.9,1.09,0.06,2.1,0.061,199
9.6,0.32,0.47,1.4,0.056,200
8.8,0.37,0.48,2.1,0.097,201
6.8,0.5,0.11,1.5,0.075,202
7.0,0.42,0.35,1.6,0.08800000000000001,203
7.0,0.43,0.36,1.6,0.08900000000000001,204
12.8,0.3,0.74,2.6,0.095,205
12.8,0.3,0.74,2.6,0.095,206
7.8,0.57,0.31,1.8,0.069,207
7.8,0.44,0.28,2.7,0.1,208
11.0,0.3,0.58,2.1,0.054000000000000006,209
9.7,0.53,0.6,2.0,0.039,210
8.0,0.725,0.24,2.8,0.083,211
11.6,0.44,0.64,2.1,0.059,212
8.2,0.57,0.26,2.2,0.06,213
7.8,0.735,0.08,2.4,0.092,214
7.0,0.49,0.49,5.6,0.06,215
8.7,0.625,0.16,2.0,0.101,216
8.1,0.725,0.22,2.2,0.07200000000000001,217
7.5,0.49,0.19,1.9,0.076,218
7.8,0.53,0.33,2.4,0.08,219
7.8,0.34,0.37,2.0,0.08199999999999999,220
7.4,0.53,0.26,2.0,0.101,221
6.8,0.61,0.04,1.5,0.057,222
8.6,0.645,0.25,2.0,0.083,223
8.4,0.635,0.36,2.0,0.08900000000000001,224
7.7,0.43,0.25,2.6,0.073,225
8.9,0.59,0.5,2.0,0.337,226
9.0,0.82,0.14,2.6,0.08900000000000001,227
7.7,0.43,0.25,2.6,0.073,228
6.9,0.52,0.25,2.6,0.081,229
5.2,0.48,0.04,1.6,0.054000000000000006,230
8.0,0.38,0.06,1.8,0.078,231
8.5,0.37,0.2,2.8,0.09,232
6.9,0.52,0.25,2.6,0.081,233
8.2,1.0,0.09,2.3,0.065,234
7.2,0.63,0.0,1.9,0.097,235
7.2,0.63,0.0,1.9,0.097,236
7.2,0.645,0.0,1.9,0.097,237
7.2,0.63,0.0,1.9,0.097,238
8.2,1.0,0.09,2.3,0.065,239
8.9,0.635,0.37,1.7,0.263,240
12.0,0.38,0.56,2.1,0.093,241
7.7,0.58,0.1,1.8,0.102,242
15.0,0.21,0.44,2.2,0.075,243
15.0,0.21,0.44,2.2,0.075,244
7.3,0.66,0.0,2.0,0.084,245
7.1,0.68,0.07,1.9,0.075,246
8.2,0.6,0.17,2.3,0.07200000000000001,247
7.7,0.53,0.06,1.7,0.07400000000000001,248
7.3,0.66,0.0,2.0,0.084,249
10.8,0.32,0.44,1.6,0.063,250
7.1,0.6,0.0,1.8,0.07400000000000001,251
11.1,0.35,0.48,3.1,0.09,252
7.7,0.775,0.42,1.9,0.092,253
7.1,0.6,0.0,1.8,0.07400000000000001,254
8.0,0.57,0.23,3.2,0.073,255
9.4,0.34,0.37,2.2,0.075,256
6.6,0.695,0.0,2.1,0.075,257
7.7,0.41,0.76,1.8,0.611,258
10.0,0.31,0.47,2.6,0.085,259
7.9,0.33,0.23,1.7,0.077,260
7.0,0.975,0.04,2.0,0.087,261
8.0,0.52,0.03,1.7,0.07,262
7.9,0.37,0.23,1.8,0.077,263
12.5,0.56,0.49,2.4,0.064,264
11.8,0.26,0.52,1.8,0.071,265
8.1,0.87,0.0,3.3,0.096,266
7.9,0.35,0.46,3.6,0.078,267
6.9,0.54,0.04,3.0,0.077,268
11.5,0.18,0.51,4.0,0.104,269
7.9,0.545,0.06,4.0,0.087,270
11.5,0.18,0.51,4.0,0.104,271
10.9,0.37,0.58,4.0,0.071,272
8.4,0.715,0.2,2.4,0.076,273
7.5,0.65,0.18,7.0,0.08800000000000001,274
7.9,0.545,0.06,4.0,0.087,275
6.9,0.54,0.04,3.0,0.077,276
11.5,0.18,0.51,4.0,0.104,277
10.3,0.32,0.45,6.4,0.073,278
8.9,0.4,0.32,5.6,0.087,279
11.4,0.26,0.44,3.6,0.071,280
7.7,0.27,0.68,3.5,0.358,281
7.6,0.52,0.12,3.0,0.067,282
8.9,0.4,0.32,5.6,0.087,283
9.9,0.59,0.07,3.4,0.102,284
9.9,0.59,0.07,3.4,0.102,285
12.0,0.45,0.55,2.0,0.073,286
7.5,0.4,0.12,3.0,0.092,287
8.7,0.52,0.09,2.5,0.091,288
11.6,0.42,0.53,3.3,0.105,289
8.7,0.52,0.09,2.5,0.091,290
11.0,0.2,0.48,2.0,0.343,291
10.4,0.55,0.23,2.7,0.091,292
6.9,0.36,0.25,2.4,0.098,293
13.3,0.34,0.52,3.2,0.094,294
10.8,0.5,0.46,2.5,0.073,295
10.6,0.83,0.37,2.6,0.086,296
7.1,0.63,0.06,2.0,0.083,297
7.2,0.65,0.02,2.3,0.094,298
6.9,0.67,0.06,2.1,0.08,299
7.5,0.53,0.06,2.6,0.086,300
11.1,0.18,0.48,1.5,0.068,301
8.3,0.705,0.12,2.6,0.092,302
7.4,0.67,0.12,1.6,0.18600000000000005,303
8.4,0.65,0.6,2.1,0.112,304
10.3,0.53,0.48,2.5,0.063,305
7.6,0.62,0.32,2.2,0.08199999999999999,306
10.3,0.41,0.42,2.4,0.213,307
10.3,0.43,0.44,2.4,0.214,308
7.4,0.29,0.38,1.7,0.062,309
10.3,0.53,0.48,2.5,0.063,310
7.9,0.53,0.24,2.0,0.07200000000000001,311
9.0,0.46,0.31,2.8,0.093,312
8.6,0.47,0.3,3.0,0.076,313
7.4,0.36,0.29,2.6,0.087,314
7.1,0.35,0.29,2.5,0.096,315
9.6,0.56,0.23,3.4,0.102,316
9.6,0.77,0.12,2.9,0.08199999999999999,317
9.8,0.66,0.39,3.2,0.083,318
9.6,0.77,0.12,2.9,0.08199999999999999,319
9.8,0.66,0.39,3.2,0.083,320
9.3,0.61,0.26,3.4,0.09,321
7.8,0.62,0.05,2.3,0.079,322
10.3,0.59,0.42,2.8,0.09,323
10.0,0.49,0.2,11.0,0.071,324
10.0,0.49,0.2,11.0,0.071,325
11.6,0.53,0.66,3.65,0.121,326
10.3,0.44,0.5,4.5,0.107,327
13.4,0.27,0.62,2.6,0.08199999999999999,328
10.7,0.46,0.39,2.0,0.061,329
10.2,0.36,0.64,2.9,0.122,330
10.2,0.36,0.64,2.9,0.122,331
8.0,0.58,0.28,3.2,0.066,332
8.4,0.56,0.08,2.1,0.105,333
7.9,0.65,0.01,2.5,0.078,334
11.9,0.695,0.53,3.4,0.128,335
8.9,0.43,0.45,1.9,0.052000000000000005,336
7.8,0.43,0.32,2.8,0.08,337
12.4,0.49,0.58,3.0,0.103,338
12.5,0.28,0.54,2.3,0.08199999999999999,339
12.2,0.34,0.5,2.4,0.066,340
10.6,0.42,0.48,2.7,0.065,341
10.9,0.39,0.47,1.8,0.118,342
10.9,0.39,0.47,1.8,0.118,343
11.9,0.57,0.5,2.6,0.08199999999999999,344
7.0,0.685,0.0,1.9,0.067,345
6.6,0.815,0.02,2.7,0.07200000000000001,346
13.8,0.49,0.67,3.0,0.093,347
9.6,0.56,0.31,2.8,0.08900000000000001,348
9.1,0.785,0.0,2.6,0.093,349
10.7,0.67,0.22,2.7,0.107,350
9.1,0.795,0.0,2.6,0.096,351
7.7,0.665,0.0,2.4,0.09,352
13.5,0.53,0.79,4.8,0.12,353
6.1,0.21,0.4,1.4,0.066,354
6.7,0.75,0.01,2.4,0.078,355
11.5,0.41,0.52,3.0,0.08,356
10.5,0.42,0.66,2.95,0.116,357
11.9,0.43,0.66,3.1,0.109,358
12.6,0.38,0.66,2.6,0.08800000000000001,359
8.2,0.7,0.23,2.0,0.099,360
8.6,0.45,0.31,2.6,0.086,361
11.9,0.58,0.66,2.5,0.07200000000000001,362
12.5,0.46,0.63,2.0,0.071,363
12.8,0.615,0.66,5.8,0.083,364
10.0,0.42,0.5,3.4,0.107,365
12.8,0.615,0.66,5.8,0.083,366
10.4,0.575,0.61,2.6,0.076,367
10.3,0.34,0.52,2.8,0.159,368
9.4,0.27,0.53,2.4,0.07400000000000001,369
6.9,0.765,0.02,2.3,0.063,370
7.9,0.24,0.4,1.6,0.056,371
9.1,0.28,0.48,1.8,0.067,372
7.4,0.55,0.22,2.2,0.106,373
14.0,0.41,0.63,3.8,0.08900000000000001,374
11.5,0.54,0.71,4.4,0.124,375
11.5,0.45,0.5,3.0,0.078,376
9.4,0.27,0.53,2.4,0.07400000000000001,377
11.4,0.625,0.66,6.2,0.08800000000000001,378
8.3,0.42,0.38,2.5,0.094,379
8.3,0.26,0.42,2.0,0.08,380
13.7,0.415,0.68,2.9,0.085,381
8.3,0.26,0.42,2.0,0.08,382
8.3,0.26,0.42,2.0,0.08,383
7.7,0.51,0.28,2.1,0.087,384
7.4,0.63,0.07,2.4,0.09,385
7.8,0.54,0.26,2.0,0.08800000000000001,386
8.3,0.66,0.15,1.9,0.079,387
7.8,0.46,0.26,1.9,0.08800000000000001,388
9.6,0.38,0.31,2.5,0.096,389
5.6,0.85,0.05,1.4,0.045,390
13.7,0.415,0.68,2.9,0.085,391
9.5,0.37,0.52,2.0,0.08199999999999999,392
8.4,0.665,0.61,2.0,0.112,393
12.7,0.6,0.65,2.3,0.063,394
12.0,0.37,0.76,4.2,0.066,395
6.6,0.735,0.02,7.9,0.122,396
11.5,0.59,0.59,2.6,0.087,397
11.5,0.59,0.59,2.6,0.087,398
8.7,0.765,0.22,2.3,0.064,399
6.6,0.735,0.02,7.9,0.122,400
7.7,0.26,0.3,1.7,0.059,401
12.2,0.48,0.54,2.6,0.085,402
11.4,0.6,0.49,2.7,0.085,403
7.7,0.69,0.05,2.7,0.075,404
8.7,0.31,0.46,1.4,0.059,405
9.8,0.44,0.47,2.5,0.063,406
12.0,0.39,0.66,3.0,0.093,407
10.4,0.34,0.58,3.7,0.174,408
12.5,0.46,0.49,4.5,0.07,409
9.0,0.43,0.34,2.5,0.08,410
9.1,0.45,0.35,2.4,0.08,411
7.1,0.735,0.16,1.9,0.1,412
9.9,0.4,0.53,6.7,0.097,413
8.8,0.52,0.34,2.7,0.087,414
8.6,0.725,0.24,6.6,0.117,415
10.6,0.48,0.64,2.2,0.111,416
7.0,0.58,0.12,1.9,0.091,417
11.9,0.38,0.51,2.0,0.121,418
6.8,0.77,0.0,1.8,0.066,419
9.5,0.56,0.33,2.4,0.08900000000000001,420
6.6,0.84,0.03,2.3,0.059,421
7.7,0.96,0.2,2.0,0.047,422
10.5,0.24,0.47,2.1,0.066,423
7.7,0.96,0.2,2.0,0.047,424
6.6,0.84,0.03,2.3,0.059,425
6.4,0.67,0.08,2.1,0.045,426
9.5,0.78,0.22,1.9,0.077,427
9.1,0.52,0.33,1.3,0.07,428
12.8,0.84,0.63,2.4,0.08800000000000001,429
10.5,0.24,0.47,2.1,0.066,430
7.8,0.55,0.35,2.2,0.07400000000000001,431
11.9,0.37,0.69,2.3,0.078,432
12.3,0.39,0.63,2.3,0.091,433
10.4,0.41,0.55,3.2,0.076,434
12.3,0.39,0.63,2.3,0.091,435
8.0,0.67,0.3,2.0,0.06,436
11.1,0.45,0.73,3.2,0.066,437
10.4,0.41,0.55,3.2,0.076,438
7.0,0.62,0.18,1.5,0.062,439
12.6,0.31,0.72,2.2,0.07200000000000001,440
11.9,0.4,0.65,2.15,0.068,441
15.6,0.685,0.76,3.7,0.1,442
10.0,0.44,0.49,2.7,0.077,443
5.3,0.57,0.01,1.7,0.054000000000000006,444
9.5,0.735,0.1,2.1,0.079,445
12.5,0.38,0.6,2.6,0.081,446
9.3,0.48,0.29,2.1,0.127,447
8.6,0.53,0.22,2.0,0.1,448
11.9,0.39,0.69,2.8,0.095,449
11.9,0.39,0.69,2.8,0.095,450
8.4,0.37,0.53,1.8,0.413,451
6.8,0.56,0.03,1.7,0.084,452
10.4,0.33,0.63,2.8,0.084,453
7.0,0.23,0.4,1.6,0.063,454
11.3,0.62,0.67,5.2,0.086,455
8.9,0.59,0.39,2.3,0.095,456
9.2,0.63,0.21,2.7,0.097,457
10.4,0.33,0.63,2.8,0.084,458
11.6,0.58,0.66,2.2,0.07400000000000001,459
9.2,0.43,0.52,2.3,0.083,460
8.3,0.615,0.22,2.6,0.087,461
11.0,0.26,0.68,2.55,0.085,462
8.1,0.66,0.7,2.2,0.098,463
11.5,0.315,0.54,2.1,0.084,464
10.0,0.29,0.4,2.9,0.098,465
10.3,0.5,0.42,2.0,0.069,466
8.8,0.46,0.45,2.6,0.065,467
11.4,0.36,0.69,2.1,0.09,468
8.7,0.82,0.02,1.2,0.07,469
13.0,0.32,0.65,2.6,0.093,470
9.6,0.54,0.42,2.4,0.081,471
12.5,0.37,0.55,2.6,0.083,472
9.9,0.35,0.55,2.1,0.062,473
10.5,0.28,0.51,1.7,0.08,474
9.6,0.68,0.24,2.2,0.087,475
9.3,0.27,0.41,2.0,0.091,476
10.4,0.24,0.49,1.8,0.075,477
9.6,0.68,0.24,2.2,0.087,478
9.4,0.685,0.11,2.7,0.077,479
10.6,0.28,0.39,15.5,0.069,480
9.4,0.3,0.56,2.8,0.08,481
10.6,0.36,0.59,2.2,0.152,482
10.6,0.36,0.6,2.2,0.152,483
10.6,0.44,0.68,4.1,0.114,484
10.2,0.67,0.39,1.9,0.054000000000000006,485
10.2,0.67,0.39,1.9,0.054000000000000006,486
10.2,0.645,0.36,1.8,0.053,487
11.6,0.32,0.55,2.8,0.081,488
9.3,0.39,0.4,2.6,0.073,489
9.3,0.775,0.27,2.8,0.078,490
9.2,0.41,0.5,2.5,0.055,491
8.9,0.4,0.51,2.6,0.052000000000000005,492
8.7,0.69,0.31,3.0,0.086,493
6.5,0.39,0.23,8.3,0.051,494
10.7,0.35,0.53,2.6,0.07,495
7.8,0.52,0.25,1.9,0.081,496
7.2,0.34,0.32,2.5,0.09,497
10.7,0.35,0.53,2.6,0.07,498
8.7,0.69,0.31,3.0,0.086,499
7.8,0.52,0.25,1.9,0.081,500
10.4,0.44,0.73,6.55,0.07400000000000001,501
10.4,0.44,0.73,6.55,0.07400000000000001,502
10.5,0.26,0.47,1.9,0.078,503
10.5,0.24,0.42,1.8,0.077,504
10.2,0.49,0.63,2.9,0.07200000000000001,505
10.4,0.24,0.46,1.8,0.075,506
11.2,0.67,0.55,2.3,0.084,507
10.0,0.59,0.31,2.2,0.09,508
13.3,0.29,0.75,2.8,0.084,509
12.4,0.42,0.49,4.6,0.073,510
10.0,0.59,0.31,2.2,0.09,511
10.7,0.4,0.48,2.1,0.125,512
10.5,0.51,0.64,2.4,0.107,513
10.5,0.51,0.64,2.4,0.107,514
8.5,0.655,0.49,6.1,0.122,515
12.5,0.6,0.49,4.3,0.1,516
10.4,0.61,0.49,2.1,0.2,517
10.9,0.21,0.49,2.8,0.08800000000000001,518
7.3,0.365,0.49,2.5,0.08800000000000001,519
9.8,0.25,0.49,2.7,0.08800000000000001,520
7.6,0.41,0.49,2.0,0.08800000000000001,521
8.2,0.39,0.49,2.3,0.099,522
9.3,0.4,0.49,2.5,0.085,523
9.2,0.43,0.49,2.4,0.086,524
10.4,0.64,0.24,2.8,0.105,525
7.3,0.365,0.49,2.5,0.08800000000000001,526
7.0,0.38,0.49,2.5,0.097,527
8.2,0.42,0.49,2.6,0.084,528
9.9,0.63,0.24,2.4,0.077,529
9.1,0.22,0.24,2.1,0.078,530
11.9,0.38,0.49,2.7,0.098,531
11.9,0.38,0.49,2.7,0.098,532
10.3,0.27,0.24,2.1,0.07200000000000001,533
10.0,0.48,0.24,2.7,0.102,534
9.1,0.22,0.24,2.1,0.078,535
9.9,0.63,0.24,2.4,0.077,536
8.1,0.825,0.24,2.1,0.084,537
12.9,0.35,0.49,5.8,0.066,538
11.2,0.5,0.74,5.15,0.1,539
9.2,0.59,0.24,3.3,0.101,540
9.5,0.46,0.49,6.3,0.064,541
9.3,0.715,0.24,2.1,0.07,542
11.2,0.66,0.24,2.5,0.085,543
14.3,0.31,0.74,1.8,0.075,544
9.1,0.47,0.49,2.6,0.094,545
7.5,0.55,0.24,2.0,0.078,546
10.6,0.31,0.49,2.5,0.067,547
12.4,0.35,0.49,2.6,0.079,548
9.0,0.53,0.49,1.9,0.171,549
6.8,0.51,0.01,2.1,0.07400000000000001,550
9.4,0.43,0.24,2.8,0.092,551
9.5,0.46,0.24,2.7,0.092,552
5.0,1.04,0.24,1.6,0.05,553
15.5,0.645,0.49,4.2,0.095,554
15.5,0.645,0.49,4.2,0.095,555
10.9,0.53,0.49,4.6,0.118,556
15.6,0.645,0.49,4.2,0.095,557
10.9,0.53,0.49,4.6,0.118,558
13.0,0.47,0.49,4.3,0.085,559
12.7,0.6,0.49,2.8,0.075,560
9.0,0.44,0.49,2.4,0.078,561
9.0,0.54,0.49,2.9,0.094,562
7.6,0.29,0.49,2.7,0.092,563
13.0,0.47,0.49,4.3,0.085,564
12.7,0.6,0.49,2.8,0.075,565
8.7,0.7,0.24,2.5,0.226,566
8.7,0.7,0.24,2.5,0.226,567
9.8,0.5,0.49,2.6,0.25,568
6.2,0.36,0.24,2.2,0.095,569
11.5,0.35,0.49,3.3,0.07,570
6.2,0.36,0.24,2.2,0.095,571
10.2,0.24,0.49,2.4,0.075,572
10.5,0.59,0.49,2.1,0.07,573
10.6,0.34,0.49,3.2,0.078,574
12.3,0.27,0.49,3.1,0.079,575
9.9,0.5,0.24,2.3,0.103,576
8.8,0.44,0.49,2.8,0.083,577
8.8,0.47,0.49,2.9,0.085,578
10.6,0.31,0.49,2.2,0.063,579
12.3,0.5,0.49,2.2,0.08900000000000001,580
12.3,0.5,0.49,2.2,0.08900000000000001,581
11.7,0.49,0.49,2.2,0.083,582
12.0,0.28,0.49,1.9,0.07400000000000001,583
11.8,0.33,0.49,3.4,0.093,584
7.6,0.51,0.24,2.4,0.091,585
11.1,0.31,0.49,2.7,0.094,586
7.3,0.73,0.24,1.9,0.108,587
5.0,0.42,0.24,2.0,0.06,588
10.2,0.29,0.49,2.6,0.059,589
9.0,0.45,0.49,2.6,0.084,590
6.6,0.39,0.49,1.7,0.07,591
9.0,0.45,0.49,2.6,0.084,592
9.9,0.49,0.58,3.5,0.094,593
7.9,0.72,0.17,2.6,0.096,594
8.9,0.595,0.41,7.9,0.086,595
12.4,0.4,0.51,2.0,0.059,596
11.9,0.58,0.58,1.9,0.071,597
8.5,0.585,0.18,2.1,0.078,598
12.7,0.59,0.45,2.3,0.08199999999999999,599
8.2,0.915,0.27,2.1,0.08800000000000001,600
13.2,0.46,0.52,2.2,0.071,601
7.7,0.835,0.0,2.6,0.081,602
13.2,0.46,0.52,2.2,0.071,603
8.3,0.58,0.13,2.9,0.096,604
8.3,0.6,0.13,2.6,0.085,605
9.4,0.41,0.48,4.6,0.07200000000000001,606
8.8,0.48,0.41,3.3,0.092,607
10.1,0.65,0.37,5.1,0.11,608
6.3,0.36,0.19,3.2,0.075,609
8.8,0.24,0.54,2.5,0.083,610
13.2,0.38,0.55,2.7,0.081,611
7.5,0.64,0.0,2.4,0.077,612
8.2,0.39,0.38,1.5,0.058,613
9.2,0.755,0.18,2.2,0.14800000000000002,614
9.6,0.6,0.5,2.3,0.079,615
9.6,0.6,0.5,2.3,0.079,616
11.5,0.31,0.51,2.2,0.079,617
11.4,0.46,0.5,2.7,0.122,618
11.3,0.37,0.41,2.3,0.08800000000000001,619
8.3,0.54,0.24,3.4,0.076,620
8.2,0.56,0.23,3.4,0.078,621
10.0,0.58,0.22,1.9,0.08,622
7.9,0.51,0.25,2.9,0.077,623
6.8,0.69,0.0,5.6,0.124,624
6.8,0.69,0.0,5.6,0.124,625
8.8,0.6,0.29,2.2,0.098,626
8.8,0.6,0.29,2.2,0.098,627
8.7,0.54,0.26,2.5,0.097,628
7.6,0.685,0.23,2.3,0.111,629
8.7,0.54,0.26,2.5,0.097,630
10.4,0.28,0.54,2.7,0.105,631
7.6,0.41,0.14,3.0,0.087,632
10.1,0.935,0.22,3.4,0.105,633
7.9,0.35,0.21,1.9,0.073,634
8.7,0.84,0.0,1.4,0.065,635
9.6,0.88,0.28,2.4,0.086,636
9.5,0.885,0.27,2.3,0.084,637
7.7,0.915,0.12,2.2,0.14300000000000002,638
8.9,0.29,0.35,1.9,0.067,639
9.9,0.54,0.45,2.3,0.071,640
9.5,0.59,0.44,2.3,0.071,641
9.9,0.54,0.45,2.3,0.071,642
9.5,0.59,0.44,2.3,0.071,643
9.9,0.54,0.45,2.3,0.071,644
7.8,0.64,0.1,6.0,0.115,645
7.3,0.67,0.05,3.6,0.107,646
8.3,0.845,0.01,2.2,0.07,647
8.7,0.48,0.3,2.8,0.066,648
6.7,0.42,0.27,8.6,0.068,649
10.7,0.43,0.39,2.2,0.106,650
9.8,0.88,0.25,2.5,0.104,651
15.9,0.36,0.65,7.5,0.096,652
9.4,0.33,0.59,2.8,0.079,653
8.6,0.47,0.47,2.4,0.07400000000000001,654
9.7,0.55,0.17,2.9,0.087,655
10.7,0.43,0.39,2.2,0.106,656
12.0,0.5,0.59,1.4,0.073,657
7.2,0.52,0.07,1.4,0.07400000000000001,658
7.1,0.84,0.02,4.4,0.096,659
7.2,0.52,0.07,1.4,0.07400000000000001,660
7.5,0.42,0.31,1.6,0.08,661
7.2,0.57,0.06,1.6,0.076,662
10.1,0.28,0.46,1.8,0.05,663
12.1,0.4,0.52,2.0,0.092,664
9.4,0.59,0.14,2.0,0.084,665
8.3,0.49,0.36,1.8,0.222,666
11.3,0.34,0.45,2.0,0.08199999999999999,667
10.0,0.73,0.43,2.3,0.059,668
11.3,0.34,0.45,2.0,0.08199999999999999,669
6.9,0.4,0.24,2.5,0.083,670
8.2,0.73,0.21,1.7,0.07400000000000001,671
9.8,1.24,0.34,2.0,0.079,672
8.2,0.73,0.21,1.7,0.07400000000000001,673
10.8,0.4,0.41,2.2,0.084,674
9.3,0.41,0.39,2.2,0.064,675
10.8,0.4,0.41,2.2,0.084,676
8.6,0.8,0.11,2.3,0.084,677
8.3,0.78,0.1,2.6,0.081,678
10.8,0.26,0.45,3.3,0.06,679
13.3,0.43,0.58,1.9,0.07,680
8.0,0.45,0.23,2.2,0.094,681
8.5,0.46,0.31,2.25,0.078,682
8.1,0.78,0.23,2.6,0.059,683
9.8,0.98,0.32,2.3,0.078,684
8.1,0.78,0.23,2.6,0.059,685
7.1,0.65,0.18,1.8,0.07,686
9.1,0.64,0.23,3.1,0.095,687
7.7,0.66,0.04,1.6,0.039,688
8.1,0.38,0.48,1.8,0.157,689
7.4,1.185,0.0,4.25,0.097,690
9.2,0.92,0.24,2.6,0.087,691
8.6,0.49,0.51,2.0,0.422,692
9.0,0.48,0.32,2.8,0.084,693
9.0,0.47,0.31,2.7,0.084,694
5.1,0.47,0.02,1.3,0.034,695
7.0,0.65,0.02,2.1,0.066,696
7.0,0.65,0.02,2.1,0.066,697
9.4,0.615,0.28,3.2,0.087,698
11.8,0.38,0.55,2.1,0.071,699
10.6,1.02,0.43,2.9,0.076,700
7.0,0.65,0.02,2.1,0.066,701
7.0,0.64,0.02,2.1,0.067,702
7.5,0.38,0.48,2.6,0.073,703
9.1,0.765,0.04,1.6,0.078,704
8.4,1.035,0.15,6.0,0.073,705
7.0,0.78,0.08,2.0,0.093,706
7.4,0.49,0.19,3.0,0.077,707
7.8,0.545,0.12,2.5,0.068,708
9.7,0.31,0.47,1.6,0.062,709
10.6,1.025,0.43,2.8,0.08,710
8.9,0.565,0.34,3.0,0.093,711
8.7,0.69,0.0,3.2,0.084,712
8.0,0.43,0.36,2.3,0.075,713
9.9,0.74,0.28,2.6,0.078,714
7.2,0.49,0.18,2.7,0.069,715
8.0,0.43,0.36,2.3,0.075,716
7.6,0.46,0.11,2.6,0.079,717
8.4,0.56,0.04,2.0,0.08199999999999999,718
7.1,0.66,0.0,3.9,0.086,719
8.4,0.56,0.04,2.0,0.08199999999999999,720
8.9,0.48,0.24,2.85,0.094,721
7.6,0.42,0.08,2.7,0.084,722
7.1,0.31,0.3,2.2,0.053,723
7.5,1.115,0.1,3.1,0.086,724
9.0,0.66,0.17,3.0,0.077,725
8.1,0.72,0.09,2.8,0.084,726
6.4,0.57,0.02,1.8,0.067,727
6.4,0.57,0.02,1.8,0.067,728
6.4,0.865,0.03,3.2,0.071,729
9.5,0.55,0.66,2.3,0.387,730
8.9,0.875,0.13,3.45,0.08800000000000001,731
7.3,0.835,0.03,2.1,0.092,732
7.0,0.45,0.34,2.7,0.08199999999999999,733
7.7,0.56,0.2,2.0,0.075,734
7.7,0.965,0.1,2.1,0.112,735
7.7,0.965,0.1,2.1,0.112,736
8.2,0.59,0.0,2.5,0.093,737
9.0,0.46,0.23,2.8,0.092,738
9.0,0.69,0.0,2.4,0.08800000000000001,739
8.3,0.76,0.29,4.2,0.075,740
9.2,0.53,0.24,2.6,0.078,741
6.5,0.615,0.0,1.9,0.065,742
11.6,0.41,0.58,2.8,0.096,743
11.1,0.39,0.54,2.7,0.095,744
7.3,0.51,0.18,2.1,0.07,745
8.2,0.34,0.38,2.5,0.08,746
8.6,0.33,0.4,2.6,0.083,747
7.2,0.5,0.18,2.1,0.071,748
7.3,0.51,0.18,2.1,0.07,749
8.3,0.65,0.1,2.9,0.08900000000000001,750
8.3,0.65,0.1,2.9,0.08900000000000001,751
7.6,0.54,0.13,2.5,0.097,752
8.3,0.65,0.1,2.9,0.08900000000000001,753
7.8,0.48,0.68,1.7,0.415,754
7.8,0.91,0.07,1.9,0.058,755
6.3,0.98,0.01,2.0,0.057,756
8.1,0.87,0.0,2.2,0.084,757
8.1,0.87,0.0,2.2,0.084,758
8.8,0.42,0.21,2.5,0.092,759
9.0,0.58,0.25,2.8,0.075,760
9.3,0.655,0.26,2.0,0.096,761
8.8,0.7,0.0,1.7,0.069,762
9.3,0.655,0.26,2.0,0.096,763
9.1,0.68,0.11,2.8,0.093,764
9.2,0.67,0.1,3.0,0.091,765
8.8,0.59,0.18,2.9,0.08900000000000001,766
7.5,0.6,0.32,2.7,0.103,767
7.1,0.59,0.02,2.3,0.08199999999999999,768
7.9,0.72,0.01,1.9,0.076,769
7.1,0.59,0.02,2.3,0.08199999999999999,770
9.4,0.685,0.26,2.4,0.08199999999999999,771
9.5,0.57,0.27,2.3,0.08199999999999999,772
7.9,0.4,0.29,1.8,0.157,773
7.9,0.4,0.3,1.8,0.157,774
7.2,1.0,0.0,3.0,0.102,775
6.9,0.765,0.18,2.4,0.243,776
6.9,0.635,0.17,2.4,0.241,777
8.3,0.43,0.3,3.4,0.079,778
7.1,0.52,0.03,2.6,0.076,779
7.0,0.57,0.0,2.0,0.19,780
6.5,0.46,0.14,2.4,0.114,781
9.0,0.82,0.05,2.4,0.081,782
6.5,0.46,0.14,2.4,0.114,783
7.1,0.59,0.01,2.5,0.077,784
9.9,0.35,0.41,2.3,0.083,785
9.9,0.35,0.41,2.3,0.083,786
10.0,0.56,0.24,2.2,0.079,787
10.0,0.56,0.24,2.2,0.079,788
8.6,0.63,0.17,2.9,0.099,789
7.4,0.37,0.43,2.6,0.08199999999999999,790
8.8,0.64,0.17,2.9,0.084,791
7.1,0.61,0.02,2.5,0.081,792
7.7,0.6,0.0,2.6,0.055,793
10.1,0.27,0.54,2.3,0.065,794
10.8,0.89,0.3,2.6,0.132,795
8.7,0.46,0.31,2.5,0.126,796
9.3,0.37,0.44,1.6,0.038,797
9.4,0.5,0.34,3.6,0.08199999999999999,798
9.4,0.5,0.34,3.6,0.08199999999999999,799
7.2,0.61,0.08,4.0,0.08199999999999999,800
8.6,0.55,0.09,3.3,0.068,801
5.1,0.585,0.0,1.7,0.044,802
7.7,0.56,0.08,2.5,0.114,803
8.4,0.52,0.22,2.7,0.084,804
8.2,0.28,0.4,2.4,0.052000000000000005,805
8.4,0.25,0.39,2.0,0.041,806
8.2,0.28,0.4,2.4,0.052000000000000005,807
7.4,0.53,0.12,1.9,0.165,808
7.6,0.48,0.31,2.8,0.07,809
7.3,0.49,0.1,2.6,0.068,810
12.9,0.5,0.55,2.8,0.07200000000000001,811
10.8,0.45,0.33,2.5,0.099,812
6.9,0.39,0.24,2.1,0.102,813
12.6,0.41,0.54,2.8,0.103,814
10.8,0.45,0.33,2.5,0.099,815
9.8,0.51,0.19,3.2,0.081,816
10.8,0.29,0.42,1.6,0.084,817
7.1,0.715,0.0,2.35,0.071,818
9.1,0.66,0.15,3.2,0.097,819
7.0,0.685,0.0,1.9,0.099,820
4.9,0.42,0.0,2.1,0.048,821
6.7,0.54,0.13,2.0,0.076,822
6.7,0.54,0.13,2.0,0.076,823
7.1,0.48,0.28,2.8,0.068,824
7.1,0.46,0.14,2.8,0.076,825
7.5,0.27,0.34,2.3,0.05,826
7.1,0.46,0.14,2.8,0.076,827
7.8,0.57,0.09,2.3,0.065,828
5.9,0.61,0.08,2.1,0.071,829
7.5,0.685,0.07,2.5,0.058,830
5.9,0.61,0.08,2.1,0.071,831
10.4,0.44,0.42,1.5,0.145,832
11.6,0.47,0.44,1.6,0.147,833
8.8,0.685,0.26,1.6,0.08800000000000001,834
7.6,0.665,0.1,1.5,0.066,835
6.7,0.28,0.28,2.4,0.012,836
6.7,0.28,0.28,2.4,0.012,837
10.1,0.31,0.35,1.6,0.075,838
6.0,0.5,0.04,2.2,0.092,839
11.1,0.42,0.47,2.65,0.085,840
6.6,0.66,0.0,3.0,0.115,841
10.6,0.5,0.45,2.6,0.119,842
7.1,0.685,0.35,2.0,0.08800000000000001,843
9.9,0.25,0.46,1.7,0.062,844
6.4,0.64,0.21,1.8,0.081,845
6.4,0.64,0.21,1.8,0.081,846
7.4,0.68,0.16,1.8,0.078,847
6.4,0.64,0.21,1.8,0.081,848
6.4,0.63,0.21,1.6,0.08,849
9.3,0.43,0.44,1.9,0.085,850
9.3,0.43,0.44,1.9,0.085,851
8.0,0.42,0.32,2.5,0.08,852
9.3,0.36,0.39,1.5,0.08,853
9.3,0.36,0.39,1.5,0.08,854
7.6,0.735,0.02,2.5,0.071,855
9.3,0.36,0.39,1.5,0.08,856
8.2,0.26,0.34,2.5,0.073,857
11.7,0.28,0.47,1.7,0.054000000000000006,858
6.8,0.56,0.22,1.8,0.07400000000000001,859
7.2,0.62,0.06,2.7,0.077,860
5.8,1.01,0.66,2.0,0.039,861
7.5,0.42,0.32,2.7,0.067,862
7.2,0.62,0.06,2.5,0.078,863
7.2,0.62,0.06,2.7,0.077,864
7.2,0.635,0.07,2.6,0.077,865
6.8,0.49,0.22,2.3,0.071,866
6.9,0.51,0.23,2.0,0.07200000000000001,867
6.8,0.56,0.22,1.8,0.07400000000000001,868
7.6,0.63,0.03,2.0,0.08,869
7.7,0.715,0.01,2.1,0.064,870
6.9,0.56,0.03,1.5,0.086,871
7.3,0.35,0.24,2.0,0.067,872
9.1,0.21,0.37,1.6,0.067,873
10.4,0.38,0.46,2.1,0.104,874
8.8,0.31,0.4,2.8,0.109,875
7.1,0.47,0.0,2.2,0.067,876
7.7,0.715,0.01,2.1,0.064,877
8.8,0.61,0.19,4.0,0.094,878
7.2,0.6,0.04,2.5,0.076,879
9.2,0.56,0.18,1.6,0.078,880
7.6,0.715,0.0,2.1,0.068,881
8.4,0.31,0.29,3.1,0.194,882
7.2,0.6,0.04,2.5,0.076,883
8.8,0.61,0.19,4.0,0.094,884
8.9,0.75,0.14,2.5,0.086,885
9.0,0.8,0.12,2.4,0.083,886
10.7,0.52,0.38,2.6,0.066,887
6.8,0.57,0.0,2.5,0.07200000000000001,888
10.7,0.9,0.34,6.6,0.112,889
7.2,0.34,0.24,2.0,0.071,890
7.2,0.66,0.03,2.3,0.078,891
10.1,0.45,0.23,1.9,0.08199999999999999,892
7.2,0.66,0.03,2.3,0.078,893
7.2,0.63,0.03,2.2,0.08,894
7.1,0.59,0.01,2.3,0.08,895
8.3,0.31,0.39,2.4,0.078,896
7.1,0.59,0.01,2.3,0.08,897
8.3,0.31,0.39,2.4,0.078,898
8.3,1.02,0.02,3.4,0.084,899
8.9,0.31,0.36,2.6,0.056,900
7.4,0.635,0.1,2.4,0.08,901
7.4,0.635,0.1,2.4,0.08,902
6.8,0.59,0.06,6.0,0.06,903
6.8,0.59,0.06,6.0,0.06,904
9.2,0.58,0.2,3.0,0.081,905
7.2,0.54,0.27,2.6,0.084,906
6.1,0.56,0.0,2.2,0.079,907
7.4,0.52,0.13,2.4,0.078,908
7.3,0.305,0.39,1.2,0.059,909
9.3,0.38,0.48,3.8,0.132,910
9.1,0.28,0.46,9.0,0.114,911
10.0,0.46,0.44,2.9,0.065,912
9.4,0.395,0.46,4.6,0.094,913
7.3,0.305,0.39,1.2,0.059,914
8.6,0.315,0.4,2.2,0.079,915
5.3,0.715,0.19,1.5,0.161,916
6.8,0.41,0.31,8.8,0.084,917
8.4,0.36,0.32,2.2,0.081,918
8.4,0.62,0.12,1.8,0.07200000000000001,919
9.6,0.41,0.37,2.3,0.091,920
8.4,0.36,0.32,2.2,0.081,921
8.4,0.62,0.12,1.8,0.07200000000000001,922
6.8,0.41,0.31,8.8,0.084,923
8.6,0.47,0.27,2.3,0.055,924
8.6,0.22,0.36,1.9,0.064,925
9.4,0.24,0.33,2.3,0.061,926
8.4,0.67,0.19,2.2,0.093,927
8.6,0.47,0.27,2.3,0.055,928
8.7,0.33,0.38,3.3,0.063,929
6.6,0.61,0.01,1.9,0.08,930
7.4,0.61,0.01,2.0,0.07400000000000001,931
7.6,0.4,0.29,1.9,0.078,932
7.4,0.61,0.01,2.0,0.07400000000000001,933
6.6,0.61,0.01,1.9,0.08,934
8.8,0.3,0.38,2.3,0.06,935
8.8,0.3,0.38,2.3,0.06,936
12.0,0.63,0.5,1.4,0.071,937
7.2,0.38,0.38,2.8,0.068,938
6.2,0.46,0.17,1.6,0.073,939
9.6,0.33,0.52,2.2,0.07400000000000001,940
9.9,0.27,0.49,5.0,0.08199999999999999,941
10.1,0.43,0.4,2.6,0.092,942
9.8,0.5,0.34,2.3,0.094,943
8.3,0.3,0.49,3.8,0.09,944
10.2,0.44,0.42,2.0,0.071,945
10.2,0.44,0.58,4.1,0.092,946
8.3,0.28,0.48,2.1,0.093,947
8.9,0.12,0.45,1.8,0.075,948
8.9,0.12,0.45,1.8,0.075,949
8.9,0.12,0.45,1.8,0.075,950
8.3,0.28,0.48,2.1,0.093,951
8.2,0.31,0.4,2.2,0.058,952
10.2,0.34,0.48,2.1,0.052000000000000005,953
7.6,0.43,0.4,2.7,0.08199999999999999,954
8.5,0.21,0.52,1.9,0.09,955
9.0,0.36,0.52,2.1,0.111,956
9.5,0.37,0.52,2.0,0.08800000000000001,957
6.4,0.57,0.12,2.3,0.12,958
8.0,0.59,0.05,2.0,0.08900000000000001,959
8.5,0.47,0.27,1.9,0.058,960
7.1,0.56,0.14,1.6,0.078,961
6.6,0.57,0.02,2.1,0.115,962
8.8,0.27,0.39,2.0,0.1,963
8.5,0.47,0.27,1.9,0.058,964
8.3,0.34,0.4,2.4,0.065,965
9.0,0.38,0.41,2.4,0.103,966
8.5,0.66,0.2,2.1,0.097,967
9.0,0.4,0.43,2.4,0.068,968
6.7,0.56,0.09,2.9,0.079,969
10.4,0.26,0.48,1.9,0.066,970
10.4,0.26,0.48,1.9,0.066,971
10.1,0.38,0.5,2.4,0.104,972
8.5,0.34,0.44,1.7,0.079,973
8.8,0.33,0.41,5.9,0.073,974
7.2,0.41,0.3,2.1,0.083,975
7.2,0.41,0.3,2.1,0.083,976
8.4,0.59,0.29,2.6,0.109,977
7.0,0.4,0.32,3.6,0.061,978
12.2,0.45,0.49,1.4,0.075,979
9.1,0.5,0.3,1.9,0.065,980
9.5,0.86,0.26,1.9,0.079,981
7.3,0.52,0.32,2.1,0.07,982
9.1,0.5,0.3,1.9,0.065,983
12.2,0.45,0.49,1.4,0.075,984
7.4,0.58,0.0,2.0,0.064,985
9.8,0.34,0.39,1.4,0.066,986
7.1,0.36,0.3,1.6,0.08,987
7.7,0.39,0.12,1.7,0.097,988
9.7,0.295,0.4,1.5,0.073,989
7.7,0.39,0.12,1.7,0.097,990
7.1,0.34,0.28,2.0,0.08199999999999999,991
6.5,0.4,0.1,2.0,0.076,992
7.1,0.34,0.28,2.0,0.08199999999999999,993
10.0,0.35,0.45,2.5,0.092,994
7.7,0.6,0.06,2.0,0.079,995
5.6,0.66,0.0,2.2,0.087,996
5.6,0.66,0.0,2.2,0.087,997
8.9,0.84,0.34,1.4,0.05,998
6.4,0.69,0.0,1.65,0.055,999
7.5,0.43,0.3,2.2,0.062,1000
9.9,0.35,0.38,1.5,0.058,1001
9.1,0.29,0.33,2.05,0.063,1002
6.8,0.36,0.32,1.8,0.067,1003
8.2,0.43,0.29,1.6,0.081,1004
6.8,0.36,0.32,1.8,0.067,1005
9.1,0.29,0.33,2.05,0.063,1006
9.1,0.3,0.34,2.0,0.064,1007
8.9,0.35,0.4,3.6,0.11,1008
9.6,0.5,0.36,2.8,0.116,1009
8.9,0.28,0.45,1.7,0.067,1010
8.9,0.32,0.31,2.0,0.08800000000000001,1011
7.7,1.005,0.15,2.1,0.102,1012
7.5,0.71,0.0,1.6,0.092,1013
8.0,0.58,0.16,2.0,0.12,1014
10.5,0.39,0.46,2.2,0.075,1015
8.9,0.38,0.4,2.2,0.068,1016
8.0,0.18,0.37,0.9,0.049,1017
8.0,0.18,0.37,0.9,0.049,1018
7.0,0.5,0.14,1.8,0.078,1019
11.3,0.36,0.66,2.4,0.123,1020
11.3,0.36,0.66,2.4,0.123,1021
7.0,0.51,0.09,2.1,0.062,1022
8.2,0.32,0.42,2.3,0.098,1023
7.7,0.58,0.01,1.8,0.08800000000000001,1024
8.6,0.83,0.0,2.8,0.095,1025
7.9,0.31,0.32,1.9,0.066,1026
6.4,0.795,0.0,2.2,0.065,1027
7.2,0.34,0.21,2.5,0.075,1028
7.7,0.58,0.01,1.8,0.08800000000000001,1029
7.1,0.59,0.0,2.1,0.091,1030
7.3,0.55,0.01,1.8,0.093,1031
8.1,0.82,0.0,4.1,0.095,1032
7.5,0.57,0.08,2.6,0.08900000000000001,1033
8.9,0.745,0.18,2.5,0.077,1034
10.1,0.37,0.34,2.4,0.085,1035
7.6,0.31,0.34,2.5,0.08199999999999999,1036
7.3,0.91,0.1,1.8,0.07400000000000001,1037
8.7,0.41,0.41,6.2,0.078,1038
8.9,0.5,0.21,2.2,0.08800000000000001,1039
7.4,0.965,0.0,2.2,0.08800000000000001,1040
6.9,0.49,0.19,1.7,0.079,1041
8.9,0.5,0.21,2.2,0.08800000000000001,1042
9.5,0.39,0.41,8.9,0.069,1043
6.4,0.39,0.33,3.3,0.046,1044
6.9,0.44,0.0,1.4,0.07,1045
7.6,0.78,0.0,1.7,0.076,1046
7.1,0.43,0.17,1.8,0.08199999999999999,1047
9.3,0.49,0.36,1.7,0.081,1048
9.3,0.5,0.36,1.8,0.084,1049
7.1,0.43,0.17,1.8,0.08199999999999999,1050
8.5,0.46,0.59,1.4,0.414,1051
5.6,0.605,0.05,2.4,0.073,1052
8.3,0.33,0.42,2.3,0.07,1053
8.2,0.64,0.27,2.0,0.095,1054
8.2,0.64,0.27,2.0,0.095,1055
8.9,0.48,0.53,4.0,0.101,1056
7.6,0.42,0.25,3.9,0.104,1057
9.9,0.53,0.57,2.4,0.093,1058
8.9,0.48,0.53,4.0,0.101,1059
11.6,0.23,0.57,1.8,0.07400000000000001,1060
9.1,0.4,0.5,1.8,0.071,1061
8.0,0.38,0.44,1.9,0.098,1062
10.2,0.29,0.65,2.4,0.075,1063
8.2,0.74,0.09,2.0,0.067,1064
7.7,0.61,0.18,2.4,0.083,1065
6.6,0.52,0.08,2.4,0.07,1066
11.1,0.31,0.53,2.2,0.06,1067
11.1,0.31,0.53,2.2,0.06,1068
8.0,0.62,0.35,2.8,0.086,1069
9.3,0.33,0.45,1.5,0.057,1070
7.5,0.77,0.2,8.1,0.098,1071
7.2,0.35,0.26,1.8,0.083,1072
8.0,0.62,0.33,2.7,0.08800000000000001,1073
7.5,0.77,0.2,8.1,0.098,1074
9.1,0.25,0.34,2.0,0.071,1075
9.9,0.32,0.56,2.0,0.073,1076
8.6,0.37,0.65,6.4,0.08,1077
8.6,0.37,0.65,6.4,0.08,1078
7.9,0.3,0.68,8.3,0.05,1079
10.3,0.27,0.56,1.4,0.047,1080
7.9,0.3,0.68,8.3,0.05,1081
7.2,0.38,0.3,1.8,0.073,1082
8.7,0.42,0.45,2.4,0.07200000000000001,1083
7.2,0.38,0.3,1.8,0.073,1084
6.8,0.48,0.08,1.8,0.07400000000000001,1085
8.5,0.34,0.4,4.7,0.055,1086
7.9,0.19,0.42,1.6,0.057,1087
11.6,0.41,0.54,1.5,0.095,1088
11.6,0.41,0.54,1.5,0.095,1089
10.0,0.26,0.54,1.9,0.083,1090
7.9,0.34,0.42,2.0,0.086,1091
7.0,0.54,0.09,2.0,0.081,1092
9.2,0.31,0.36,2.2,0.079,1093
6.6,0.725,0.09,5.5,0.117,1094
9.4,0.4,0.47,2.5,0.087,1095
6.6,0.725,0.09,5.5,0.117,1096
8.6,0.52,0.38,1.5,0.096,1097
8.0,0.31,0.45,2.1,0.21600000000000005,1098
8.6,0.52,0.38,1.5,0.096,1099
8.4,0.34,0.42,2.1,0.07200000000000001,1100
7.4,0.49,0.27,2.1,0.071,1101
6.1,0.48,0.09,1.7,0.078,1102
7.4,0.49,0.27,2.1,0.071,1103
8.0,0.48,0.34,2.2,0.073,1104
6.3,0.57,0.28,2.1,0.048,1105
8.2,0.23,0.42,1.9,0.069,1106
9.1,0.3,0.41,2.0,0.068,1107
8.1,0.78,0.1,3.3,0.09,1108
10.8,0.47,0.43,2.1,0.171,1109
8.3,0.53,0.0,1.4,0.07,1110
5.4,0.42,0.27,2.0,0.092,1111
7.9,0.33,0.41,1.5,0.056,1112
8.9,0.24,0.39,1.6,0.07400000000000001,1113
5.0,0.4,0.5,4.3,0.046,1114
7.0,0.69,0.07,2.5,0.091,1115
7.0,0.69,0.07,2.5,0.091,1116
7.0,0.69,0.07,2.5,0.091,1117
7.1,0.39,0.12,2.1,0.065,1118
5.6,0.66,0.0,2.5,0.066,1119
7.9,0.54,0.34,2.5,0.076,1120
6.6,0.5,0.0,1.8,0.062,1121
6.3,0.47,0.0,1.4,0.055,1122
10.7,0.4,0.37,1.9,0.081,1123
6.5,0.58,0.0,2.2,0.096,1124
8.8,0.24,0.35,1.7,0.055,1125
5.8,0.29,0.26,1.7,0.063,1126
6.3,0.76,0.0,2.9,0.07200000000000001,1127
10.0,0.43,0.33,2.7,0.095,1128
10.5,0.43,0.35,3.3,0.092,1129
9.1,0.6,0.0,1.9,0.058,1130
5.9,0.19,0.21,1.7,0.045,1131
7.4,0.36,0.34,1.8,0.075,1132
7.2,0.48,0.07,5.5,0.08900000000000001,1133
8.5,0.28,0.35,1.7,0.061,1134
8.0,0.25,0.43,1.7,0.067,1135
10.4,0.52,0.45,2.0,0.08,1136
10.4,0.52,0.45,2.0,0.08,1137
7.5,0.41,0.15,3.7,0.104,1138
8.2,0.51,0.24,2.0,0.079,1139
7.3,0.4,0.3,1.7,0.08,1140
8.2,0.38,0.32,2.5,0.08,1141
6.9,0.45,0.11,2.4,0.043,1142
7.0,0.22,0.3,1.8,0.065,1143
7.3,0.32,0.23,2.3,0.066,1144
8.2,0.2,0.43,2.5,0.076,1145
7.8,0.5,0.12,1.8,0.17800000000000002,1146
10.0,0.41,0.45,6.2,0.071,1147
7.8,0.39,0.42,2.0,0.086,1148
10.0,0.35,0.47,2.0,0.061,1149
8.2,0.33,0.32,2.8,0.067,1150
6.1,0.58,0.23,2.5,0.044,1151
8.3,0.6,0.25,2.2,0.118,1152
9.6,0.42,0.35,2.1,0.083,1153
6.6,0.58,0.0,2.2,0.1,1154
8.3,0.6,0.25,2.2,0.118,1155
8.5,0.18,0.51,1.75,0.071,1156
5.1,0.51,0.18,2.1,0.042,1157
6.7,0.41,0.43,2.8,0.076,1158
10.2,0.41,0.43,2.2,0.11,1159
10.6,0.36,0.57,2.3,0.087,1160
8.8,0.45,0.43,1.4,0.076,1161
8.5,0.32,0.42,2.3,0.075,1162
9.0,0.785,0.24,1.7,0.078,1163
9.0,0.785,0.24,1.7,0.078,1164
8.5,0.44,0.5,1.9,0.369,1165
9.9,0.54,0.26,2.0,0.111,1166
8.2,0.33,0.39,2.5,0.07400000000000001,1167
6.5,0.34,0.27,2.8,0.067,1168
7.6,0.5,0.29,2.3,0.086,1169
9.2,0.36,0.34,1.6,0.062,1170
7.1,0.59,0.0,2.2,0.078,1171
9.7,0.42,0.46,2.1,0.07400000000000001,1172
7.6,0.36,0.31,1.7,0.079,1173
7.6,0.36,0.31,1.7,0.079,1174
6.5,0.61,0.0,2.2,0.095,1175
6.5,0.88,0.03,5.6,0.079,1176
7.1,0.66,0.0,2.4,0.052000000000000005,1177
5.6,0.915,0.0,2.1,0.041,1178
8.2,0.35,0.33,2.4,0.076,1179
8.2,0.35,0.33,2.4,0.076,1180
9.8,0.39,0.43,1.65,0.068,1181
10.2,0.4,0.4,2.5,0.068,1182
6.8,0.66,0.07,1.6,0.07,1183
6.7,0.64,0.23,2.1,0.08,1184
7.0,0.43,0.3,2.0,0.085,1185
6.6,0.8,0.03,7.8,0.079,1186
7.0,0.43,0.3,2.0,0.085,1187
6.7,0.64,0.23,2.1,0.08,1188
8.8,0.955,0.05,1.8,0.075,1189
9.1,0.4,0.57,4.6,0.08,1190
6.5,0.885,0.0,2.3,0.166,1191
7.2,0.25,0.37,2.5,0.063,1192
6.4,0.885,0.0,2.3,0.166,1193
7.0,0.745,0.12,1.8,0.114,1194
6.2,0.43,0.22,1.8,0.078,1195
7.9,0.58,0.23,2.3,0.076,1196
7.7,0.57,0.21,1.5,0.069,1197
7.7,0.26,0.26,2.0,0.052000000000000005,1198
7.9,0.58,0.23,2.3,0.076,1199
7.7,0.57,0.21,1.5,0.069,1200
7.9,0.34,0.36,1.9,0.065,1201
8.6,0.42,0.39,1.8,0.068,1202
9.9,0.74,0.19,5.8,0.111,1203
7.2,0.36,0.46,2.1,0.07400000000000001,1204
7.2,0.36,0.46,2.1,0.07400000000000001,1205
7.2,0.36,0.46,2.1,0.07400000000000001,1206
9.9,0.72,0.55,1.7,0.136,1207
7.2,0.36,0.46,2.1,0.07400000000000001,1208
6.2,0.39,0.43,2.0,0.071,1209
6.8,0.65,0.02,2.1,0.078,1210
6.6,0.44,0.15,2.1,0.076,1211
6.8,0.65,0.02,2.1,0.078,1212
9.6,0.38,0.42,1.9,0.071,1213
10.2,0.33,0.46,1.9,0.081,1214
8.8,0.27,0.46,2.1,0.095,1215
7.9,0.57,0.31,2.0,0.079,1216
8.2,0.34,0.37,1.9,0.057,1217
8.2,0.4,0.31,1.9,0.08199999999999999,1218
9.0,0.39,0.4,1.3,0.044,1219
10.9,0.32,0.52,1.8,0.132,1220
10.9,0.32,0.52,1.8,0.132,1221
8.1,0.53,0.22,2.2,0.078,1222
10.5,0.36,0.47,2.2,0.07400000000000001,1223
12.6,0.39,0.49,2.5,0.08,1224
9.2,0.46,0.23,2.6,0.091,1225
7.5,0.58,0.03,4.1,0.08,1226
9.0,0.58,0.25,2.0,0.104,1227
5.1,0.42,0.0,1.8,0.044,1228
7.6,0.43,0.29,2.1,0.075,1229
7.7,0.18,0.34,2.7,0.066,1230
7.8,0.815,0.01,2.6,0.07400000000000001,1231
7.6,0.43,0.29,2.1,0.075,1232
10.2,0.23,0.37,2.2,0.057,1233
7.1,0.75,0.01,2.2,0.059,1234
6.0,0.33,0.32,12.9,0.054000000000000006,1235
7.8,0.55,0.0,1.7,0.07,1236
7.1,0.75,0.01,2.2,0.059,1237
8.1,0.73,0.0,2.5,0.081,1238
6.5,0.67,0.0,4.3,0.057,1239
7.5,0.61,0.2,1.7,0.076,1240
9.8,0.37,0.39,2.5,0.079,1241
9.0,0.4,0.41,2.0,0.058,1242
8.3,0.56,0.22,2.4,0.08199999999999999,1243
5.9,0.29,0.25,13.4,0.067,1244
7.4,0.55,0.19,1.8,0.08199999999999999,1245
7.4,0.74,0.07,1.7,0.086,1246
7.4,0.55,0.19,1.8,0.08199999999999999,1247
6.9,0.41,0.33,2.2,0.081,1248
7.1,0.6,0.01,2.3,0.079,1249
7.1,0.6,0.01,2.3,0.079,1250
7.5,0.58,0.14,2.2,0.077,1251
7.1,0.72,0.0,1.8,0.123,1252
7.9,0.66,0.0,1.4,0.096,1253
7.8,0.7,0.06,1.9,0.079,1254
6.1,0.64,0.02,2.4,0.069,1255
7.5,0.59,0.22,1.8,0.08199999999999999,1256
7.0,0.58,0.28,4.8,0.085,1257
6.8,0.64,0.0,2.7,0.123,1258
6.8,0.64,0.0,2.7,0.123,1259
8.6,0.635,0.68,1.8,0.403,1260
6.3,1.02,0.0,2.0,0.083,1261
9.8,0.45,0.38,2.5,0.081,1262
8.2,0.78,0.0,2.2,0.08900000000000001,1263
8.5,0.37,0.32,1.8,0.066,1264
7.2,0.57,0.05,2.3,0.081,1265
7.2,0.57,0.05,2.3,0.081,1266
10.4,0.43,0.5,2.3,0.068,1267
6.9,0.41,0.31,2.0,0.079,1268
5.5,0.49,0.03,1.8,0.044,1269
5.0,0.38,0.01,1.6,0.048,1270
7.3,0.44,0.2,1.6,0.049,1271
5.9,0.46,0.0,1.9,0.077,1272
7.5,0.58,0.2,2.0,0.073,1273
7.8,0.58,0.13,2.1,0.102,1274
8.0,0.715,0.22,2.3,0.075,1275
8.5,0.4,0.4,6.3,0.05,1276
7.0,0.69,0.0,1.9,0.114,1277
8.0,0.715,0.22,2.3,0.075,1278
9.8,0.3,0.39,1.7,0.062,1279
7.1,0.46,0.2,1.9,0.077,1280
7.1,0.46,0.2,1.9,0.077,1281
7.9,0.765,0.0,2.0,0.084,1282
8.7,0.63,0.28,2.7,0.096,1283
7.0,0.42,0.19,2.3,0.071,1284
11.3,0.37,0.5,1.8,0.09,1285
7.1,0.16,0.44,2.5,0.068,1286
8.0,0.6,0.08,2.6,0.056,1287
7.0,0.6,0.3,4.5,0.068,1288
7.0,0.6,0.3,4.5,0.068,1289
7.6,0.74,0.0,1.9,0.1,1290
8.2,0.635,0.1,2.1,0.073,1291
5.9,0.395,0.13,2.4,0.056,1292
7.5,0.755,0.0,1.9,0.084,1293
8.2,0.635,0.1,2.1,0.073,1294
6.6,0.63,0.0,4.3,0.093,1295
6.6,0.63,0.0,4.3,0.093,1296
7.2,0.53,0.14,2.1,0.064,1297
5.7,0.6,0.0,1.4,0.063,1298
7.6,1.58,0.0,2.1,0.13699999999999998,1299
5.2,0.645,0.0,2.15,0.08,1300
6.7,0.86,0.07,2.0,0.1,1301
9.1,0.37,0.32,2.1,0.064,1302
8.0,0.28,0.44,1.8,0.081,1303
7.6,0.79,0.21,2.3,0.087,1304
7.5,0.61,0.26,1.9,0.073,1305
9.7,0.69,0.32,2.5,0.08800000000000001,1306
6.8,0.68,0.09,3.9,0.068,1307
9.7,0.69,0.32,2.5,0.08800000000000001,1308
7.0,0.62,0.1,1.4,0.071,1309
7.5,0.61,0.26,1.9,0.073,1310
6.5,0.51,0.15,3.0,0.064,1311
8.0,1.18,0.21,1.9,0.083,1312
7.0,0.36,0.21,2.3,0.086,1313
7.0,0.36,0.21,2.4,0.086,1314
7.5,0.63,0.27,2.0,0.083,1315
5.4,0.74,0.0,1.2,0.041,1316
9.9,0.44,0.46,2.2,0.091,1317
7.5,0.63,0.27,2.0,0.083,1318
9.1,0.76,0.68,1.7,0.414,1319
9.7,0.66,0.34,2.6,0.094,1320
5.0,0.74,0.0,1.2,0.041,1321
9.1,0.34,0.42,1.8,0.058,1322
9.1,0.36,0.39,1.8,0.06,1323
6.7,0.46,0.24,1.7,0.077,1324
6.7,0.46,0.24,1.7,0.077,1325
6.7,0.46,0.24,1.7,0.077,1326
6.7,0.46,0.24,1.7,0.077,1327
6.5,0.52,0.11,1.8,0.073,1328
7.4,0.6,0.26,2.1,0.083,1329
7.4,0.6,0.26,2.1,0.083,1330
7.8,0.87,0.26,3.8,0.107,1331
8.4,0.39,0.1,1.7,0.075,1332
9.1,0.775,0.22,2.2,0.079,1333
7.2,0.835,0.0,2.0,0.166,1334
6.6,0.58,0.02,2.4,0.069,1335
6.0,0.5,0.0,1.4,0.057,1336
6.0,0.5,0.0,1.4,0.057,1337
6.0,0.5,0.0,1.4,0.057,1338
7.5,0.51,0.02,1.7,0.084,1339
7.5,0.51,0.02,1.7,0.084,1340
7.5,0.51,0.02,1.7,0.084,1341
7.6,0.54,0.02,1.7,0.085,1342
7.5,0.51,0.02,1.7,0.084,1343
11.5,0.42,0.48,2.6,0.077,1344
8.2,0.44,0.24,2.3,0.063,1345
6.1,0.59,0.01,2.1,0.056,1346
7.2,0.655,0.03,1.8,0.078,1347
7.2,0.655,0.03,1.8,0.078,1348
6.9,0.57,0.0,2.8,0.081,1349
9.0,0.6,0.29,2.0,0.069,1350
7.2,0.62,0.01,2.3,0.065,1351
7.6,0.645,0.03,1.9,0.086,1352
7.6,0.645,0.03,1.9,0.086,1353
7.2,0.58,0.03,2.3,0.077,1354
6.1,0.32,0.25,1.8,0.086,1355
6.1,0.34,0.25,1.8,0.084,1356
7.3,0.43,0.24,2.5,0.078,1357
7.4,0.64,0.17,5.4,0.168,1358
11.6,0.475,0.4,1.4,0.091,1359
9.2,0.54,0.31,2.3,0.112,1360
8.3,0.85,0.14,2.5,0.093,1361
11.6,0.475,0.4,1.4,0.091,1362
8.0,0.83,0.27,2.0,0.08,1363
7.2,0.605,0.02,1.9,0.096,1364
7.8,0.5,0.09,2.2,0.115,1365
7.3,0.74,0.08,1.7,0.094,1366
6.9,0.54,0.3,2.2,0.08800000000000001,1367
8.0,0.77,0.32,2.1,0.079,1368
6.6,0.61,0.0,1.6,0.069,1369
8.7,0.78,0.51,1.7,0.415,1370
7.5,0.58,0.56,3.1,0.153,1371
8.7,0.78,0.51,1.7,0.415,1372
7.7,0.75,0.27,3.8,0.11,1373
6.8,0.815,0.0,1.2,0.267,1374
7.2,0.56,0.26,2.0,0.083,1375
8.2,0.885,0.2,1.4,0.086,1376
5.2,0.49,0.26,2.3,0.09,1377
7.2,0.45,0.15,2.0,0.078,1378
7.5,0.57,0.02,2.6,0.077,1379
7.5,0.57,0.02,2.6,0.077,1380
6.8,0.83,0.09,1.8,0.07400000000000001,1381
8.0,0.6,0.22,2.1,0.08,1382
8.0,0.6,0.22,2.1,0.08,1383
7.1,0.755,0.15,1.8,0.107,1384
8.0,0.81,0.25,3.4,0.076,1385
7.4,0.64,0.07,1.8,0.1,1386
7.4,0.64,0.07,1.8,0.1,1387
6.6,0.64,0.31,6.1,0.083,1388
6.7,0.48,0.02,2.2,0.08,1389
6.0,0.49,0.0,2.3,0.068,1390
8.0,0.64,0.22,2.4,0.094,1391
7.1,0.62,0.06,1.3,0.07,1392
8.0,0.52,0.25,2.0,0.078,1393
6.4,0.57,0.14,3.9,0.07,1394
8.6,0.685,0.1,1.6,0.092,1395
8.7,0.675,0.1,1.6,0.09,1396
7.3,0.59,0.26,2.0,0.08,1397
7.0,0.6,0.12,2.2,0.083,1398
7.2,0.67,0.0,2.2,0.068,1399
7.9,0.69,0.21,2.1,0.08,1400
7.9,0.69,0.21,2.1,0.08,1401
7.6,0.3,0.42,2.0,0.052000000000000005,1402
7.2,0.33,0.33,1.7,0.061,1403
8.0,0.5,0.39,2.6,0.08199999999999999,1404
7.7,0.28,0.3,2.0,0.062,1405
8.2,0.24,0.34,5.1,0.062,1406
6.0,0.51,0.0,2.1,0.064,1407
8.1,0.29,0.36,2.2,0.048,1408
6.0,0.51,0.0,2.1,0.064,1409
6.6,0.96,0.0,1.8,0.08199999999999999,1410
6.4,0.47,0.4,2.4,0.071,1411
8.2,0.24,0.34,5.1,0.062,1412
9.9,0.57,0.25,2.0,0.104,1413
10.0,0.32,0.59,2.2,0.077,1414
6.2,0.58,0.0,1.6,0.065,1415
10.0,0.32,0.59,2.2,0.077,1416
7.3,0.34,0.33,2.5,0.064,1417
7.8,0.53,0.01,1.6,0.077,1418
7.7,0.64,0.21,2.2,0.077,1419
7.8,0.53,0.01,1.6,0.077,1420
7.5,0.4,0.18,1.6,0.079,1421
7.0,0.54,0.0,2.1,0.079,1422
6.4,0.53,0.09,3.9,0.123,1423
8.3,0.26,0.37,1.4,0.076,1424
8.3,0.26,0.37,1.4,0.076,1425
7.7,0.23,0.37,1.8,0.046,1426
7.6,0.41,0.33,2.5,0.078,1427
7.8,0.64,0.0,1.9,0.07200000000000001,1428
7.9,0.18,0.4,2.2,0.049,1429
7.4,0.41,0.24,1.8,0.066,1430
7.6,0.43,0.31,2.1,0.069,1431
5.9,0.44,0.0,1.6,0.042,1432
6.1,0.4,0.16,1.8,0.069,1433
10.2,0.54,0.37,15.4,0.214,1434
10.2,0.54,0.37,15.4,0.214,1435
10.0,0.38,0.38,1.6,0.16899999999999998,1436
6.8,0.915,0.29,4.8,0.07,1437
7.0,0.59,0.0,1.7,0.052000000000000005,1438
7.3,0.67,0.02,2.2,0.07200000000000001,1439
7.2,0.37,0.32,2.0,0.062,1440
7.4,0.785,0.19,5.2,0.094,1441
6.9,0.63,0.02,1.9,0.078,1442
6.9,0.58,0.2,1.75,0.058,1443
7.3,0.67,0.02,2.2,0.07200000000000001,1444
7.4,0.785,0.19,5.2,0.094,1445
6.9,0.63,0.02,1.9,0.078,1446
6.8,0.67,0.0,1.9,0.08,1447
6.9,0.58,0.01,1.9,0.08,1448
7.2,0.38,0.31,2.0,0.056,1449
7.2,0.37,0.32,2.0,0.062,1450
7.8,0.32,0.44,2.7,0.104,1451
6.6,0.58,0.02,2.0,0.062,1452
7.6,0.49,0.33,1.9,0.07400000000000001,1453
11.7,0.45,0.63,2.2,0.073,1454
6.5,0.9,0.0,1.6,0.052000000000000005,1455
6.0,0.54,0.06,1.8,0.05,1456
7.6,0.49,0.33,1.9,0.07400000000000001,1457
8.4,0.29,0.4,1.7,0.067,1458
7.9,0.2,0.35,1.7,0.054000000000000006,1459
6.4,0.42,0.09,2.3,0.054000000000000006,1460
6.2,0.785,0.0,2.1,0.06,1461
6.8,0.64,0.03,2.3,0.075,1462
6.9,0.63,0.01,2.4,0.076,1463
6.8,0.59,0.1,1.7,0.063,1464
6.8,0.59,0.1,1.7,0.063,1465
7.3,0.48,0.32,2.1,0.062,1466
6.7,1.04,0.08,2.3,0.067,1467
7.3,0.48,0.32,2.1,0.062,1468
7.3,0.98,0.05,2.1,0.061,1469
10.0,0.69,0.11,1.4,0.084,1470
6.7,0.7,0.08,3.75,0.067,1471
7.6,0.35,0.6,2.6,0.073,1472
6.1,0.6,0.08,1.8,0.071,1473
9.9,0.5,0.5,13.8,0.205,1474
5.3,0.47,0.11,2.2,0.048,1475
9.9,0.5,0.5,13.8,0.205,1476
5.3,0.47,0.11,2.2,0.048,1477
7.1,0.875,0.05,5.7,0.08199999999999999,1478
8.2,0.28,0.6,3.0,0.104,1479
5.6,0.62,0.03,1.5,0.08,1480
8.2,0.28,0.6,3.0,0.104,1481
7.2,0.58,0.54,2.1,0.114,1482
8.1,0.33,0.44,1.5,0.042,1483
6.8,0.91,0.06,2.0,0.06,1484
7.0,0.655,0.16,2.1,0.07400000000000001,1485
6.8,0.68,0.21,2.1,0.07,1486
6.0,0.64,0.05,1.9,0.066,1487
5.6,0.54,0.04,1.7,0.049,1488
6.2,0.57,0.1,2.1,0.048,1489
7.1,0.22,0.49,1.8,0.039,1490
5.6,0.54,0.04,1.7,0.049,1491
6.2,0.65,0.06,1.6,0.05,1492
7.7,0.54,0.26,1.9,0.08900000000000001,1493
6.4,0.31,0.09,1.4,0.066,1494
7.0,0.43,0.02,1.9,0.08,1495
7.7,0.54,0.26,1.9,0.08900000000000001,1496
6.9,0.74,0.03,2.3,0.054000000000000006,1497
6.6,0.895,0.04,2.3,0.068,1498
6.9,0.74,0.03,2.3,0.054000000000000006,1499
7.5,0.725,0.04,1.5,0.076,1500
7.8,0.82,0.29,4.3,0.083,1501
7.3,0.585,0.18,2.4,0.078,1502
6.2,0.44,0.39,2.5,0.077,1503
7.5,0.38,0.57,2.3,0.106,1504
6.7,0.76,0.02,1.8,0.078,1505
6.8,0.81,0.05,2.0,0.07,1506
7.5,0.38,0.57,2.3,0.106,1507
7.1,0.27,0.6,2.1,0.07400000000000001,1508
7.9,0.18,0.4,1.8,0.062,1509
6.4,0.36,0.21,2.2,0.047,1510
7.1,0.69,0.04,2.1,0.068,1511
6.4,0.79,0.04,2.2,0.061,1512
6.4,0.56,0.15,1.8,0.078,1513
6.9,0.84,0.21,4.1,0.07400000000000001,1514
6.9,0.84,0.21,4.1,0.07400000000000001,1515
6.1,0.32,0.25,2.3,0.071,1516
6.5,0.53,0.06,2.0,0.063,1517
7.4,0.47,0.46,2.2,0.114,1518
6.6,0.7,0.08,2.6,0.106,1519
6.5,0.53,0.06,2.0,0.063,1520
6.9,0.48,0.2,1.9,0.08199999999999999,1521
6.1,0.32,0.25,2.3,0.071,1522
6.8,0.48,0.25,2.0,0.076,1523
6.0,0.42,0.19,2.0,0.075,1524
6.7,0.48,0.08,2.1,0.064,1525
6.8,0.47,0.08,2.2,0.064,1526
7.1,0.53,0.07,1.7,0.071,1527
7.9,0.29,0.49,2.2,0.096,1528
7.1,0.69,0.08,2.1,0.063,1529
6.6,0.44,0.09,2.2,0.063,1530
6.1,0.705,0.1,2.8,0.081,1531
7.2,0.53,0.13,2.0,0.058,1532
8.0,0.39,0.3,1.9,0.07400000000000001,1533
6.6,0.56,0.14,2.4,0.064,1534
7.0,0.55,0.13,2.2,0.075,1535
6.1,0.53,0.08,1.9,0.077,1536
5.4,0.58,0.08,1.9,0.059,1537
6.2,0.64,0.09,2.5,0.081,1538
7.2,0.39,0.32,1.8,0.065,1539
6.2,0.52,0.08,4.4,0.071,1540
7.4,0.25,0.29,2.2,0.054000000000000006,1541
6.7,0.855,0.02,1.9,0.064,1542
11.1,0.44,0.42,2.2,0.064,1543
8.4,0.37,0.43,2.3,0.063,1544
6.5,0.63,0.33,1.8,0.059,1545
7.0,0.57,0.02,2.0,0.07200000000000001,1546
6.3,0.6,0.1,1.6,0.048,1547
11.2,0.4,0.5,2.0,0.099,1548
7.4,0.36,0.3,1.8,0.07400000000000001,1549
7.1,0.68,0.0,2.3,0.087,1550
7.1,0.67,0.0,2.3,0.083,1551
6.3,0.68,0.01,3.7,0.103,1552
7.3,0.735,0.0,2.2,0.08,1553
6.6,0.855,0.02,2.4,0.062,1554
7.0,0.56,0.17,1.7,0.065,1555
6.6,0.88,0.04,2.2,0.066,1556
6.6,0.855,0.02,2.4,0.062,1557
6.9,0.63,0.33,6.7,0.235,1558
7.8,0.6,0.26,2.0,0.08,1559
7.8,0.6,0.26,2.0,0.08,1560
7.8,0.6,0.26,2.0,0.08,1561
7.2,0.695,0.13,2.0,0.076,1562
7.2,0.695,0.13,2.0,0.076,1563
7.2,0.695,0.13,2.0,0.076,1564
6.7,0.67,0.02,1.9,0.061,1565
6.7,0.16,0.64,2.1,0.059,1566
7.2,0.695,0.13,2.0,0.076,1567
7.0,0.56,0.13,1.6,0.077,1568
6.2,0.51,0.14,1.9,0.056,1569
6.4,0.36,0.53,2.2,0.23,1570
6.4,0.38,0.14,2.2,0.038,1571
7.3,0.69,0.32,2.2,0.069,1572
6.0,0.58,0.2,2.4,0.075,1573
5.6,0.31,0.78,13.9,0.07400000000000001,1574
7.5,0.52,0.4,2.2,0.06,1575
8.0,0.3,0.63,1.6,0.081,1576
6.2,0.7,0.15,5.1,0.076,1577
6.8,0.67,0.15,1.8,0.118,1578
6.2,0.56,0.09,1.7,0.053,1579
7.4,0.35,0.33,2.4,0.068,1580
6.2,0.56,0.09,1.7,0.053,1581
6.1,0.715,0.1,2.6,0.053,1582
6.2,0.46,0.29,2.1,0.07400000000000001,1583
6.7,0.32,0.44,2.4,0.061,1584
7.2,0.39,0.44,2.6,0.066,1585
7.5,0.31,0.41,2.4,0.065,1586
5.8,0.61,0.11,1.8,0.066,1587
7.2,0.66,0.33,2.5,0.068,1588
6.6,0.725,0.2,7.8,0.073,1589
6.3,0.55,0.15,1.8,0.077,1590
5.4,0.74,0.09,1.7,0.08900000000000001,1591
6.3,0.51,0.13,2.3,0.076,1592
6.8,0.62,0.08,1.9,0.068,1593
6.2,0.6,0.08,2.0,0.09,1594
5.9,0.55,0.1,2.2,0.062,1595
6.3,0.51,0.13,2.3,0.076,1596
5.9,0.645,0.12,2.0,0.075,1597
6.0,0.31,0.47,3.6,0.067,1598
